{
  "unripe_h_min": 34.591401976868255,
  "unripe_h_max": 85.37516132834,
  "unripe_min_s": 20.500586367382386,
  "overripe_brown_ratio": 0.10678528857785874,
  "overripe_min_v": 63.41178035410031
}