{
  "unripe_h_min": 37.08728877749212,
  "unripe_h_max": 95.4720909248234,
  "unripe_min_s": 21.80501033035984,
  "overripe_brown_ratio": 0.09865753997741379,
  "overripe_min_v": 68.93032680516953
}