{
  "unripe_h_min": 33.64882065244899,
  "unripe_h_max": 88.82083759207873,
  "unripe_min_s": 29.175705676683414,
  "overripe_brown_ratio": 0.08020295338623554,
  "overripe_min_v": 68.13937913747706
}