conf,TP,FP,FN,Precision,Recall,F1
0.25,94,59,31,0.6143790849633047,0.7519999999939839,0.6762589923059624
0.35,93,43,32,0.6838235294067366,0.743999999994048,0.7126436776563467
0.45,89,33,36,0.7295081967153318,0.711999999994304,0.7206477727735906
