conf,TP,FP,FN,Precision,Recall,F1
0.25,90,40,35,0.6923076923023669,0.71999999999424,0.7058823524358324
0.35,84,31,41,0.7304347826023441,0.671999999994624,0.6999999994950348
0.45,77,28,48,0.7333333333263492,0.6159999999950719,0.6695652168892626
