roi,TP,FP,FN,Precision,Recall,F1
0.20-0.80,83,32,42,0.7217391304285066,0.663999999994688,0.6916666661617707
0.25-0.80,78,28,47,0.7358490565968316,0.623999999995008,0.6753246748222109
0.25-0.75,77,27,48,0.7403846153774962,0.6159999999950719,0.6724890824677636
0.30-0.75,72,24,53,0.7499999999921875,0.575999999995392,0.6515837099099527
0.35-0.75,70,24,55,0.7446808510559076,0.55999999999552,0.6392694058968745
0.35-0.70,68,24,57,0.7391304347745746,0.543999999995648,0.6267281101048652
