roi,min_overlap,TP,FP,FN,Precision,Recall,F1
0.20-0.85,0.3,89,36,36,0.711999999994304,0.711999999994304,0.7119999994943039
0.25-0.85,0.3,86,34,39,0.7166666666606945,0.687999999994496,0.702040815821008
0.25-0.80,0.3,85,33,40,0.7203389830447429,0.67999999999456,0.6995884768609121
0.30-0.80,0.3,81,26,44,0.7570093457873176,0.647999999994816,0.6982758615659557
0.30-0.75,0.3,81,26,44,0.7570093457873176,0.647999999994816,0.6982758615659557
