{
  "accuracy": 0.9994650976196844,
  "macro_f1": 0.9993933641465831,
  "per_class_f1": {
    "unripe": 0.9990384615384615,
    "ripe": 0.9991416309012876,
    "overripe": 1.0
  }
}